id,place_id,location_id
1,ChIJv3wq1nQVDTkR8Jk8Zcfd1SU,1
2,ChIJv3wq1nQVDTkR8Jk8Zcfd1SU,2
3,ChIJv3wq1nQVDTkR8Jk8Zcfd1SU,3
4,ChIJ_TJM2JgXDTkR0cMXzgAoFv8,4
5,ChIJ3Y5TJZkXDTkR1WKUfWiI2Sg,5
6,ChIJa3JzW5kXDTkRr56sAvN2WxY,6
7,ChIJn9feWJkXDTkR4ec1GJTvKxI,7
8,ChIJcfjIc5sXDTkR3Il5EPHLRXk,8
9,ChIJN-PFFZsXDTkRPw7_NJlmwkU,9
10,ChIJn-5Bl5wXDTkR2o7wp_k-zr0,10
11,ChIJleK_JY4XDTkRJPSkbUTib0I,11
12,ChIJZ0s8NI0XDTkRgNXwepF9Wjw,12
13,ChIJQwwNN44XDTkRGeGMS5lCDrQ,13
14,ChIJD3Yp34QXDTkR5RbsEqJ6jVI,14
15,ChIJJSqT3oQXDTkRrOV2UdJFpeE,15
16,ChIJlTg53oQXDTkROFi7meY2NIc,16
17,ChIJUTNcH4UXDTkRbTLh54W8D2M,17
18,ChIJ3U-I54QXDTkRbfZJRP-hkeM,18
19,ChIJTTq7H4UXDTkRFxAGrBV7_XY,19
20,ChIJsU3MBPoXDTkRvS8QIXHAxhw,20
21,ChIJ1VoVHPoXDTkR61Bp51tzAvk,21
22,ChIJG_l6HvoXDTkRMgdlU3lasu8,22
23,ChIJs-QRafQXDTkRqbvPBgZRx6w,23
24,ChIJ2bKesMMPDTkRYALXktJi4Bs,24
25,ChIJ0zPVucMPDTkRKCi4uVz6-SI,25
26,ChIJZ40lCN0PDTkRho1K9g6VQpo,26
27,ChIJc7fzpN0PDTkRuDTJpLjAUms,27
28,ChIJ26qX_MIPDTkRZiOkSiaZ-ZA,28
29,ChIJ-_mvMt0PDTkR34i8SkcQkTA,29
30,ChIJPxytV_QXDTkRMd_Tsi0s6SM,30
31,ChIJGUs85sIPDTkRUe9UnMG74c0,31
32,ChIJO7Xtg4YXDTkRkkLYcz8k7aU,32
33,ChIJmbl2Od0PDTkRvJ2dnfRHjX8,33
34,ChIJFT_6Nt0PDTkR7L1TiVEp4zU,34
35,ChIJSffUw8IPDTkRI8vm_GhTMJY,35
36,ChIJlbrwwcIPDTkRyVxbniD08zE,36
37,ChIJG5SlwcIPDTkRiTcQ6BX_cW0,37
38,ChIJZdOD8sIPDTkR6plPKo1SVbQ,38
39,ChIJhbYUGd4PDTkRS5arhX3usmQ,39
40,ChIJlwJFuMIPDTkRHx_Fm2iS310,40
41,ChIJeXe6M3kXDTkRmr1dXE7Bzns,41
42,ChIJC6645IgXDTkRIJ04aw7zrko,42
43,ChIJP6QY9VEXDTkRMGdkcSRAsMI,43
44,ChIJle-VEuAPDTkR3dlah2sBGTs,44
45,ChIJSS3n5h8QDTkRrBzGXCWvUDw,45
46,ChIJy2-B3R8QDTkRjek4Oe845aw,46
47,ChIJB7DoNfUXDTkRPXAKZ-QZZL8,47
48,ChIJC-tiw34XDTkRfdAt3PaZUPw,48
49,ChIJu_kyWogXDTkRfHeFAAG06s0,49
50,ChIJU0r7T_UXDTkR0FK3me5l_ew,50
51,ChIJwQueBIcXDTkR5akQtvSOIHg,51
52,ChIJ0SVLD14XDTkRNEPuMJzl0hM,52
53,ChIJt3CoBSAYDTkRkwA_tER6o_U,53
54,ChIJax2bEyAYDTkRgf4_ZcAVR1s,54
55,ChIJsV-KT4cXDTkRlgF79ISCvyM,55
56,ChIJe8LHLuYPDTkRGfNlCg1jb6A,56
57,ChIJ1ZM0cX0XDTkRWHf8xzKavq0,57
58,ChIJA0AIACEYDTkR-QDE3xDv01I,58
59,ChIJGZ7rgX0XDTkRw9OF2bsABv0,59
60,ChIJV43Dd9gZDTkR226g9nrMQuw,60
61,ChIJW5dBAmAXDTkRY0VaT5tcoss,61
62,ChIJW5dBAmAXDTkRY0VaT5tcoss,62
63,ChIJfSDb-F8XDTkR2Z6-sxSTcsM,63
64,ChIJdQRC_98ZDTkRwcBxgQWTFjw,64
65,ChIJDRem_98ZDTkRuVRuN-7447Y,65
66,ChIJx1rB_t8ZDTkRgRKQDPViv6s,66
67,ChIJidrEhVgXDTkRp3CqWVMbhdo,67
68,ChIJAQAAb98ZDTkRI96LFBxH8WQ,68
69,ChIJ_8R07N8ZDTkRvlNKoUUhr9Q,69
70,ChIJHzuLDuAZDTkRR733CsMTWuE,70
71,ChIJAX4cDd8ZDTkRu7yF-V4QjIU,71
72,ChIJgSzmC-AZDTkRY38L5lzeE3g,72
73,ChIJpx2IPN8ZDTkRCI_yNBBCqB0,73
74,ChIJaYSx3N8ZDTkRkR-unM4I90E,75
75,ChIJ4xHnIt8ZDTkR_pJ9kWvsPCA,76
76,ChIJLZ6nGN8ZDTkRd5sb14dmCdM,77
77,ChIJnf_5UOAZDTkR51pPCICQfYc,78
78,ChIJVTFHVYcQDTkRrsZYgRK3irI,79
79,ChIJdz8dGNkZDTkRRKU7S94BYMI,80
80,ChIJS-KrCdkZDTkRV7kewbI7CfQ,81
81,ChIJ6RilkNkZDTkRT6Nlzehs4SA,82
82,ChIJBa43U9cZDTkRqMQHUC0f2Sw,83
83,ChIJb730stAZDTkRfCflLD-9Hbg,84
84,ChIJp_fx_SQYDTkR6W_UNmM8RRU,85
85,ChIJIYZ0tNAZDTkRXBWS9Wtpmts,86
86,ChIJa2EwRQ8YDTkRIvn2i2SDKD4,87
87,ChIJwy5y2vwZDTkRq3AbGRJqJHY,88
88,ChIJrW8UGiUYDTkRGHS7qa8_8jQ,89
89,ChIJcQafFyUYDTkRDvMHf0ggOTo,90
90,ChIJJ6ccAP8ZDTkRga1m4Cn-cf4,91
91,ChIJ615Tb9EZDTkRl_RSMEBxLMk,92
92,ChIJx07nAP8ZDTkRFrcN0a3a3HY,93
93,ChIJ9aPUB_8ZDTkR9ghiZ3aywaQ,94
94,ChIJe9aOCP8ZDTkRQyutH4KpyTs,95
95,ChIJK9k_Cf8ZDTkRWKH238IEBS0,96
96,ChIJ4XF8bdEZDTkRttWC-HJ2zsA,97
97,ChIJSRvJRyUYDTkR4bO2LCIsT9w,98
98,ChIJq06HEP8ZDTkR1ugnk30dvVA,99
99,ChIJGZm_g9EZDTkRGYLGXZs_bf8,100
100,ChIJlYJHi9IZDTkRymPf06puIVo,101
